<?xml version="1.0" encoding="UTF-8"?>
<project-private xmlns="http://www.netbeans.org/ns/project-private/1">
    <editor-bookmarks xmlns="http://www.netbeans.org/ns/editor-bookmarks/2" lastBookmarkId="0"/>
    <open-files xmlns="http://www.netbeans.org/ns/projectui-open-files/2">
        <group>
            <file>file:/C:/Users/Severen/OneDrive/Desktop/Compsci%20hw/CSCI%20160/Lab-13/CryptoQuotes/src/cryptoquotes/Cryptogram.java</file>
            <file>file:/C:/Users/Severen/OneDrive/Desktop/Compsci%20hw/CSCI%20160/Lab-13/CryptoQuotes/src/cryptoquotes/CryptoQuotes.java</file>
            <file>file:/C:/Users/Severen/OneDrive/Desktop/Compsci%20hw/CSCI%20160/Lab-13/CryptoQuotes/src/cryptoquotes/Database.java</file>
            <file>file:/C:/Users/Severen/OneDrive/Desktop/Compsci%20hw/CSCI%20160/Lab-13/CryptoQuotes/src/cryptoquotes/Quote.java</file>
            <file>file:/C:/Users/Severen/OneDrive/Desktop/Compsci%20hw/CSCI%20160/Lab-13/CryptoQuotes/src/cryptoquotes/ConsoleColors.java</file>
        </group>
    </open-files>
</project-private>
