<?xml version="1.0" encoding="UTF-8"?>
<project-private xmlns="http://www.netbeans.org/ns/project-private/1">
    <editor-bookmarks xmlns="http://www.netbeans.org/ns/editor-bookmarks/2" lastBookmarkId="0"/>
    <open-files xmlns="http://www.netbeans.org/ns/projectui-open-files/2">
        <group>
            <file>file:/C:/Users/aapplin/OneDrive%20-%20Southern%20Maine%20Community%20College/CurrentSemester/CSCI160/Labs/05-AgilityV2/AgilityCompetitionV2/AgilityCompetition/src/agilitycompetition/AgilityCompetitionDriver.java</file>
            <file>file:/C:/Users/aapplin/OneDrive%20-%20Southern%20Maine%20Community%20College/CurrentSemester/CSCI160/Labs/05-AgilityV2/AgilityCompetitionV2/AgilityCompetition/src/agilitycompetition/Dog.java</file>
        </group>
    </open-files>
</project-private>
