<?xml version="1.0" encoding="UTF-8"?>
<project-private xmlns="http://www.netbeans.org/ns/project-private/1">
    <editor-bookmarks xmlns="http://www.netbeans.org/ns/editor-bookmarks/2" lastBookmarkId="0"/>
    <open-files xmlns="http://www.netbeans.org/ns/projectui-open-files/2">
        <group>
            <file>file:/C:/Users/Severen/OneDrive/Desktop/Compsci%20hw/CSCI%20160/Lab-02/Lab02/MusicBoxShop/src/musicboxshop/MusicBox.java</file>
            <file>file:/C:/Users/Severen/OneDrive/Desktop/Compsci%20hw/CSCI%20160/Lab-02/Lab02/MusicBoxShop/src/musicboxshop/Mechanism.java</file>
            <file>file:/C:/Users/Severen/OneDrive/Desktop/Compsci%20hw/CSCI%20160/Lab-02/Lab02/MusicBoxShop/src/musicboxshop/MusicBoxShop.java</file>
            <file>file:/C:/Users/Severen/OneDrive/Desktop/Compsci%20hw/CSCI%20160/Lab-02/Lab02/MusicBoxShop/src/musicboxshop/Orders.java</file>
        </group>
    </open-files>
</project-private>
